Político,Sentimento,Subjetividade,Snippet,Título,Link
dário saadi hoje,0.0,0.0,Dário Saadi. 󱢏. 34 mil seguidores. 󱞋. 171 seguindo. Sou Prefeito de Campinas e ... Hoje participei da inauguração do Laboratório de Pesquisa e Desenvolvimento ...,Dário Saadi | Official Profile,https://www.facebook.com/dario.saadi/?locale=pt_BR
dário saadi hoje,0.0,0.0,Nome completo. DARIO JORGE GIOLO SAADI ; Data de nascimento. 30/05/1963 – 57 anos ; Nacionalidade. BRASILEIRA NATA ; Ocupação. MÉDICO ...,Ficha do candidato a prefeito Dario Saadi - REPUBLICANOS ...,https://www1.folha.uol.com.br/poder/eleicoes/candidatos/2020/sp/prefeito/dario-saadi-250000753044.shtml
dário saadi hoje,0.0,0.0,"Oct 25, 2023 ... Dario Saadi. A administração do prefeito de Campinas, Dário Saad (foto), é ... Poder Hoje · Poder Flash · Poder Monitor · Brasil à Frente · Poder ...","Atual prefeito, Dário Saadi lidera disputa para 2024 em Campinas",https://www.poder360.com.br/pesquisas/atual-prefeito-dario-saadi-lidera-disputa-para-2024-em-campinas/
dário saadi hoje,0.0,0.0,O prefeito Dário Saadi participou hoje da primeira sessão da Legislatura 2021-2024 da Câmara de Campinas e defendeu a independência e harmonia entre os poderes.,Prefeito Dário Saadi participa da primeira sessão da Câmara ...,https://novo.campinas.sp.gov.br/noticia/39540
dário saadi hoje,0.0,0.0,"Jun 16, 2023 ... RMC terá comitê regional de enfrentamento à febre maculosa Proposta foi feita hoje pelo prefeito Dário Saadi e aprovada por todos os prefeitos16 ...",RMC terá comitê regional de enfrentamento à febre maculosa,https://www.campinas.sp.gov.br/noticias-integra.php?id=48755
dário saadi hoje,0.0,0.0,"Nov 29, 2020 ... Com 100% das urnas apuradas, ex-secretário Municipal de Esportes teve 57,07% dos votos válidos e derrotou Rafa Zimbaldi neste domingo (29).","Dário Saadi, do Republicanos, é eleito prefeito de Campinas ...",https://g1.globo.com/sp/campinas-regiao/noticia/2020/11/29/dario-saadi-do-republicanos-e-eleito-prefeito-de-campinas.ghtml
dário saadi hoje,0.0,0.25,"May 11, 2023 ... A CBN – Central Brasileira de Notícias é hoje a maior rede de emissoras all news do país, que transmite via satélite 24 horas por dia de ...",Dário Saadi presta atendimento para vítima de acidente de trânsito ...,https://portalcbncampinas.com.br/2023/05/dario-saadi-presta-atendimento-para-vitima-de-acidente-de-transito/
dário saadi hoje,0.0,0.0,"Oct 26, 2023 ... O presidente da SHC, Pedro Pupo Nogueira, recebeu o documento que demandou quatro anos de trabalho da diretoria, da sua equipe técnica. “Hoje é ...",Prefeito Dário Saadi entrega planta e alvará de regularização dos ...,https://hipica.com.br/prefeito-dario-saadi-entrega-planta-e-alvara-de-regularizacao-dos-predios-da-hipica/
dário saadi hoje,0.0,0.0,"Nov 29, 2020 ... Dário Saadi (Republicanos) é eleito prefeito de Campinas (SP) ... Os eleitores de Campinas (SP) elegeram o candidato Dário Saadi, do Republicanos, ...",Dário Saadi (Republicanos) é eleito prefeito de Campinas (SP ...,https://www.tse.jus.br/comunicacao/noticias/2020/Novembro/dario-saadi-republicanos-e-eleito-prefeito-de-campinas-sp
dário saadi hoje,0.0,0.0,"Oct 25, 2023 ... Pergunta: Se as eleições para Prefeito(a) de Campinas fossem hoje, em quem o(a) Sr(a) votaria? Cenário estimulado, quando o entrevistado ...",Pesquisa/Campinas: Dário Saadi lidera em todos os cenários ...,https://diariodopoder.com.br/brasil-e-regioes/xwk-brasil/pesquisa-campinas-dario-saadi-lidera-em-todos-os-cenarios
rafa zimbaldi,0.0,0.0,"Biografia. Nascido em julho de 1981, em Campinas, o deputado estadual Rafa Zimbaldi foi vereador em Campinas por quatro mandatos e por duas vezes presidiu a ...",Dep. Rafa Zimbaldi,https://www.al.sp.gov.br/deputado/?matricula=300641
rafa zimbaldi,0.0,0.0,"Moraes Salles 384, no centro da cidade, para servir café da manhã, almoço e jantar, de segunda a segunda. O Bom Prato é administrado desde 2012 pelo COF ...",Rafa Zimbaldi,https://www.facebook.com/rafa.zimbaldi/?locale=pt_BR
rafa zimbaldi,0.0,0.0,"Quem é Rafa Zimbaldi? Rafa Zimbaldi nasceu no dia 28 de julho de 1981, em Campinas. Passou toda sua Infância na Região do Ouro Verde. Cresceu no meio político ...",Início - Oficial Rafa Zimbaldi - Rafa Zimbaldi,https://rafazimbaldi.com.br/novo/
rafa zimbaldi,0.0,0.0,RAFA ZIMBALDI. Deputado Estadual. Dados do candidato. Gênero: MASC. Naturalidade: CAMPINAS / SP; Cor/Raça: BRANCA; Estado Civil: Casado(a); Grau de Instrução ...,- Rafa Zimbaldi - Deputado Estadual - SP - CNN Brasil,https://www.cnnbrasil.com.br/eleicoes/2022/candidatos/deputado-estadual/sp/rafa-zimbaldi/
rafa zimbaldi,0.0,0.0,Deputado estadual Rafa Zimbaldi tem resultado positivo em teste rápido para novo coronavírus e inicia isolamento em casa. Assessoria do parlamentar afirma que ...,Rafa Zimbaldi | Político | G1,https://g1.globo.com/politica/politico/rafael-fernando-zimbaldi/
rafa zimbaldi,0.0,0.0,"Confira o perfil de Rafa Zimbaldi, candidato(a) a deputado estadual nas eleições de 2022 na Folha.",Eleições 2022: Rafa Zimbaldi - CIDADANIA | Ficha do candidato ...,https://www1.folha.uol.com.br/poder/eleicoes/candidatos/2022/sp/deputado-estadual/rafa-zimbaldi-250001611460.shtml
rafa zimbaldi,0.0,0.0,"Um dos deputados estaduais mais jovens do Estado de São Paulo, Rafa Zimbaldi foi reeleito em 2022 como deputado estadual de Campinas e Região Metropolitana ...",Rafa Zimbaldi - Deputado Estadual - Assembleia Legislativa do ...,https://br.linkedin.com/in/rafazimbaldi
rafa zimbaldi,0.0,0.0,"Jan 18, 2023 ... O secretário de Saúde, Luciano Firmino Vieira, recebeu o prefeito Rodrigo Falsetti e o deputado estadual Rafa Zimbaldi. Durante o encontro, o ...","Prefeito, secretário de Saúde e deputado Rafa Zimbaldi visitam ...",https://www.mogiguacu.sp.gov.br/noticias/gabinete/1213/prefeito-secretario-de-saude-e-deputado-rafa-zimbaldi-visitam-hospital-municipal-e-ame.html
rafa zimbaldi,0.0,0.0,Confira o perfil do candidato a prefeito Rafa Zimbaldi nas eleições de 2020.,Ficha do candidato a prefeito Rafa Zimbaldi - PL - Campinas SP ...,https://www1.folha.uol.com.br/poder/eleicoes/candidatos/2020/sp/prefeito/rafa-zimbaldi-250000869099.shtml
rafa zimbaldi,0.0,0.0,"Aug 14, 2023 ... Na última sexta, 11 de agosto, a equipe de relações institucionais do Hemocentro recebeu o Deputado Rafa Zimbaldi para uma visita muito ...",Deputado Rafa Zimbaldi visita Hemocentro – Hemocentro,https://www.hemocentro.unicamp.br/noticias/deputado-rafa-zimbaldi-visita-hemocentro/
rosie linares hoje,0.0,0.0,"5 days ago ... Rosie Linares é fundadora da LadyGeekz®, iniciativa da empresa Algoricca®",Moradora de Valinhos é CEO de empresa que tem vagas na região ...,https://jornaldevalinhos.com.br/moradora-de-valinhos-e-ceo-de-empresa-que-tem-vagas-na-regiao/
rosie linares hoje,0.0,0.0,300+ resultados para “Linarès” · Marcio Linares · Rodrigo Linares · Leonardo Linares · Raphael Linares · Milena Linares · Rosie Linares · Vinícius Linares · Matheus ...,300+ perfis com “Linarès” | LinkedIn,https://br.linkedin.com/pub/dir/+/Linar%C3%A8s/br-6368-Greater-S%C3%A3o-Paulo-Area
rosie linares hoje,0.0,0.0,"No Programa Prime Leads dessa semana Luciano Rocha recebe Rosie Linares - Founde & CEO Algoricca Software Company Inédito HOJE, TERÇA-FEIRA às 21h30 com ...",Canal 25 Jundiaí | Jundiaí SP,https://www.facebook.com/canal25jundiai/?locale=pt_BR
rosie linares hoje,0.0,0.0,Rosie Linares. Founder | COO | Expansão Comercial. Título do Cargo: Engenheiro de Dados. Descrição do Trabalho: Estamos procurando um ...,Algoricca Software Company está contratando Enhenheiro Cientista ...,https://br.linkedin.com/jobs/view/enhenheiro-cientista-de-dados-at-algoricca-software-company-3779825376
rosie linares hoje,0.6,1.0,"Jul 5, 2018 ... Dec 4, 2014 - This Pin was discovered by cecilia n.. Discover (and save!) your own Pins on Pinterest.","Love Rosie US Poster [x] | Love rosie movie, Claflin, Lily collins",https://br.pinterest.com/pin/731975745661487123/
rosie linares hoje,0.0,0.0,"Rosie Linares. Founder | COO | Expansão Comercial. São Paulo, SP · Conectar · Rafael Clemente. Founder and CEO at EloGroup. Rio de Janeiro, RJ · Conectar ...",Lia Ferro - Founder & Director - Le Bloom | LinkedIn,https://br.linkedin.com/in/lia-ferro-0a434026
rosie linares hoje,0.6,1.0,"Feb 15, 2017 ... Feb 16, 2017 - This Pin was discovered by Luma Prado. Discover (and save!) your own Pins on Pinterest.","Simplesmente acontece | Love rosie movie, Rosie, Feelings",https://br.pinterest.com/pin/510877151466848618/
rosie linares hoje,0.0,0.0,Procure 1.245 blackberry z10 fotos e imagens disponíveis ou inicie uma nova pesquisa para explorar mais fotos e imagens.,1.245 fotos de stock e banco de imagens de Blackberry Z10 - Getty ...,https://www.gettyimages.com.br/fotos/blackberry-z10
rosie linares hoje,0.0,0.0,"Dec 8, 2020 ... Rocio Linares. Bendito seas Padre Celestial y tu hijo nuestro ... Rosie Rodriguez. Amén. 3 anos Denunciar. Ricarda Salgado, profile picture.",Masfe.org - La oración de fe es la clave para la... | Facebook,https://www.facebook.com/masfe.org/posts/la-oraci%C3%B3n-de-fe-es-la-clave-para-la-revelaci%C3%B3n-de-diosconoce-m%C3%A1s-en-httpsbitly3/3877242655643993/?locale=pt_BR
rosie linares hoje,0.0,0.0,"Sep 14, 2022 ... ... Linares. 233311. Não. Não. Raquel de Melo Silva. 250730. Não. Não. Rayane ... Rosie Teixeira. 225801. Não. Não. Karina Fernanda Cardoso Santana.",EDITAL Nº 009/2022 – HOMOLOGAÇÃO PROVISÓRIA ...,https://www.unioeste.br/portal/files/1831/Guaratuba---Edital01/3857/Edital-009-2022-Homologacao-Provisoria-Complementar-do-Edital-007-2022-da-Inscricao.pdf
